{"cameraMode":{"drawMode":0,"name":"Shaded","section":"Shading Mode"},"sceneLighting":false,"audioPlay":false,"sceneViewState":{"showFog":true,"showMaterialUpdate":false,"showSkybox":false,"showFlares":true,"showImageEffects":true,"showParticleSystems":true},"in2DMode":false,"pivot":{"x":-0.2856435179710388,"y":-0.19641947746276856,"z":-0.007273194380104542},"rotation":{"x":0.15019415318965913,"y":-0.7150413393974304,"z":0.1618233323097229,"w":0.663345217704773},"size":2.328941822052002,"orthographic":false}