{"cameraMode":{"drawMode":0,"name":"Shaded","section":"Shading Mode"},"sceneLighting":true,"audioPlay":false,"sceneViewState":{"showFog":true,"showMaterialUpdate":false,"showSkybox":true,"showFlares":true,"showImageEffects":true,"showParticleSystems":true},"in2DMode":false,"pivot":{"x":501.4364318847656,"y":122.32841491699219,"z":-1.2398681640625},"rotation":{"x":-0.001509949448518455,"y":-0.011132178828120232,"z":0.00005783282540505752,"w":-0.9999703168869019},"size":724.7802734375,"orthographic":false}